{
  "Values": {
    "AstraZeneca": [
      273600,
      316800,
      547200,
      471000,
      744000,
      319200,
      146400,
      156000,
      1464000,
      192000,
      475200,
      109800,
      2176800,
      364800,
      362300,
      1381200,
      367200,
      24000,
      847900
    ],
    "Janssen": [
      206400,
      180000,
      198000,
      232800,
      504600,
      494000,
      204000,
      168000,
      192000,
      357600,
      678900
    ],
    "Moderna": [
      51600,
      74400,
      147600,
      277200,
      372000,
      171600,
      385200,
      465600,
      266400,
      303600,
      444000,
      444000,
      444000,
      444000,
      444000,
      444000,
      474000,
      502800,
      590400,
      670800,
      670800,
      907200,
      1095600,
      1705200,
      1868400,
      460800,
      1084800,
      567600,
      1657300,
      1558000,
      2645900,
      1234800,
      2252700,
      1306400,
      627600,
      661920,
      2712900,
      5247800,
      1329600,
      2077200,
      2077200,
      2073300,
      986200,
      1651200,
      1253700,
      2702000
    ],
    "Pfizer": [
      58500,
      464100,
      519675,
      517725,
      390780,
      572130,
      565110,
      566280,
      684450,
      702000,
      755820,
      800280,
      800280,
      1248390,
      1247220,
      1838070,
      1838070,
      1838070,
      2577510,
      2517840,
      2519010,
      2519010,
      2520180,
      3965130,
      3521700,
      3521700,
      4410900,
      4410900,
      2441790,
      2441790,
      2440620,
      2442960,
      2578680,
      2579850,
      3536910,
      3751020,
      2593890,
      2535390,
      1638000,
      1657890,
      4116060,
      1227330,
      1170000,
      1170000,
      2503800,
      2318940,
      477360,
      2617290,
      11700,
      4231890,
      5748210,
      1705860,
      545220,
      2650050,
      1937520,
      51480,
      1990170,
      1592370,
      2574000
    ],
    "PfizerPed": [
      1944000,
      732000,
      348000,
      6000,
      834000,
      1068000,
      1068000,
      1062000,
      750000,
      756000,
      942000,
      948000,
      6
    ]
  },
  "Means": {
    "AstraZeneca": 565231.5789473684,
    "Janssen": 310572.7272727273,
    "Moderna": 1083333.043478261,
    "Pfizer": 1985913.0508474577,
    "PfizerPed": 804462
  },
  "Percentages": {
    "AstraZeneca": 0.0560464983552304,
    "Janssen": 0.01782889661722011,
    "Moderna": 0.2600688201776329,
    "Pfizer": 0.6114778181033582,
    "PfizerPed": 0.05457796674655844
  },
  "Total": 191615896
}